Date, goldprice,sp500,cpi,3monthtreasurybill,usdollarindex,crudeoilprice,inflation,returnofgoldprice,returnofsp500,changeofcpi,changeof3monthtreasurybill,returnofusdollarindex,returnofcrudeoil,changeofinflation
1986-02,339.053,226.919998,109.700,7.06,111.414,15.46,-0.3,-0.018833144,0.071489277,-0.200,-0.01,-0.029630017,-0.325774095,-0.6
1986-03,346.095,238.899994,109.100,6.56,109.365,12.61,-0.5,0.020769614,0.052793919,-0.600,-0.50,-0.018390866,-0.184346701,-0.2
1986-04,340.716,235.520004,108.700,6.06,108.382,12.84,-0.2,-0.015541975,-0.014148138,-0.400,-0.50,-0.00898825,0.018239492,0.3
1986-05,342.325,247.350006,109.000,6.15,106.668,15.38,0.3,0.004722408,0.050229288,0.300,0.09,-0.015814434,0.197819315,0.5
1986-06,342.798,250.839996,109.400,6.21,107.658,13.43,0.6,0.001381728,0.014109521,0.400,0.06,0.009281134,-0.126788036,0.3
1986-07,348.554,236.119995,109.500,5.83,105.783,11.59,0,0.01679123,-0.058682831,0.100,-0.38,-0.017416263,-0.137006701,-0.6
1986-08,376.29,252.929993,109.600,5.53,104.454,15.10,0.2,0.079574471,0.071192607,0.100,-0.30,-0.012563455,0.302847282,0.2
1986-09,418.152,231.320007,110.000,5.21,104.676,14.87,0.5,0.111249302,-0.085438606,0.400,-0.32,0.002125337,-0.015231788,0.3
1986-10,423.863,243.979996,110.200,5.18,104.769,14.90,0.1,0.013657713,0.05472933,0.200,-0.03,0.000888456,0.002017485,-0.4
1986-11,396.983,249.220001,110.400,5.35,105.711,15.22,0.1,-0.063416717,0.021477191,0.200,0.17,0.008991209,0.02147651,0
1986-12,391.595,242.169998,110.800,5.53,105.049,16.11,0.1,-0.01357237,-0.028288271,0.400,0.18,-0.006262357,0.05847569,0
1987-01,408.524,274.079987,111.400,5.43,102.187,18.65,0.6,0.043230889,0.131766896,0.600,-0.10,-0.027244429,0.157666046,0.5
1987-02,401.045,284.200012,111.800,5.59,101.257,17.75,0.4,-0.01830737,0.036923619,0.400,0.16,-0.009100962,-0.048257373,-0.2
1987-03,408.848,291.700012,112.200,5.59,100.711,18.30,0.4,0.019456669,0.026389865,0.400,0.00,-0.00539222,0.030985915,0
1987-04,439.665,288.359985,112.700,5.64,98.666,18.68,0.5,0.075375201,-0.011450212,0.500,0.05,-0.020305627,0.020765027,0.1
1987-05,461.65,290.100006,113.000,5.66,98.065,19.44,0.4,0.05000398,0.006034197,0.300,0.02,-0.006091257,0.040685225,-0.1
1987-06,449.282,304,113.500,5.67,99.141,20.07,0.4,-0.026790859,0.047914491,0.500,0.01,0.010972314,0.032407407,0
1987-07,450.33,318.660004,113.800,5.69,100.271,21.34,0.3,0.002332611,0.048223697,0.300,0.02,0.011397908,0.063278525,-0.1
1987-08,460.988,329.799988,114.300,6.04,99.863,20.31,0.5,0.023667089,0.03495884,0.500,0.35,-0.004068973,-0.048266167,0.2
1987-09,460.12,321.829987,114.700,6.40,98.435,19.53,0.5,-0.001882912,-0.024166165,0.400,0.36,-0.01429959,-0.038404727,0
1987-10,465.764,251.789993,115.000,6.13,98.11,19.86,0.3,0.012266365,-0.217630416,0.300,-0.27,-0.003301671,0.016897081,-0.2
1987-11,468.14,230.300003,115.400,5.69,94.806,18.85,0.1,0.005101296,-0.085348865,0.400,-0.44,-0.033676486,-0.050855992,-0.2
1987-12,487.079,247.080002,115.600,5.77,92.37,17.28,0,0.040455847,0.07286148,0.200,0.08,-0.025694576,-0.083289125,-0.1
1988-01,477.758,257.070007,116.000,5.81,92.135,17.13,0.3,-0.019136526,0.040432269,0.400,0.04,-0.002544116,-0.008680556,0.3
1988-02,442.124,267.820007,116.200,5.66,92.515,16.80,0.3,-0.074585878,0.041817403,0.200,-0.15,0.004124383,-0.019264448,0
1988-03,443.491,258.890015,116.500,5.70,91.251,16.20,0.4,0.003091893,-0.03334326,0.300,0.04,-0.013662649,-0.035714286,0.1
1988-04,451.558,261.329987,117.200,5.91,90.493,17.86,0.5,0.018189772,0.009424744,0.700,0.21,-0.008306758,0.102469136,0.1
1988-05,451.32,262.160004,117.500,6.26,90.703,17.42,0.3,-0.000527064,0.003176126,0.300,0.35,0.002320621,-0.024636058,-0.2
1988-06,451.657,273.5,118.000,6.46,91.803,16.53,0.4,0.000746699,0.043256011,0.500,0.20,0.012127493,-0.0510907,0.1
1988-07,437.452,272.019989,118.500,6.73,93.784,15.50,0.4,-0.031450858,-0.005411375,0.500,0.27,0.021578816,-0.06231095,0
1988-08,431.064,261.519989,119.000,7.06,94.586,15.52,0.4,-0.014602745,-0.038600104,0.500,0.33,0.008551565,0.001290323,0
1988-09,413.439,271.910004,119.500,7.24,94.731,14.54,0.7,-0.0408872,0.039729334,0.500,0.18,0.001532996,-0.06314433,0.3
1988-10,406.39,278.970001,119.900,7.35,92.648,13.77,0.3,-0.017049674,0.025964462,0.400,0.11,-0.021988578,-0.052957359,-0.4
1988-11,419.966,273.700012,120.300,7.76,90.376,14.14,0.1,0.033406334,-0.018890881,0.400,0.41,-0.024522925,0.026870007,-0.2
1988-12,419.248,277.720001,120.700,8.07,89.847,16.38,0.2,-0.001709662,0.014687573,0.400,0.31,-0.005853324,0.158415842,0.1
1989-01,404.445,297.470001,121.200,8.27,91.272,18.02,0.5,-0.035308457,0.071114792,0.500,0.20,0.015860296,0.1001221,0.3
1989-02,387.973,288.859985,121.600,8.53,91.425,17.94,0.4,-0.040727417,-0.028944149,0.400,0.26,0.001676308,-0.004439512,-0.1
1989-03,390.274,294.869995,122.200,8.82,92.731,19.48,0.6,0.005930825,0.020805962,0.600,0.29,0.014284933,0.085841695,0.2
1989-04,384.72,309.640015,123.100,8.65,93.091,21.07,0.7,-0.014231027,0.050089939,0.900,-0.17,0.003882197,0.081622177,0.1
1989-05,371.35,320.519989,123.700,8.43,94.794,20.12,0.6,-0.034752547,0.035137493,0.600,-0.22,0.018293927,-0.045087803,-0.1
1989-06,367.727,317.980011,124.100,8.15,96.225,20.05,0.2,-0.009756295,-0.007924554,0.400,-0.28,0.015095892,-0.003479125,-0.4
1989-07,375.21,346.079987,124.500,7.88,94.531,19.78,0.2,0.020349335,0.088370259,0.400,-0.27,-0.017604573,-0.013466334,0
1989-08,365.548,351.450012,124.500,7.90,94.746,18.58,0.2,-0.025750913,0.015516716,0.000,0.02,0.002274386,-0.060667341,0
1989-09,361.798,349.149994,124.800,7.75,95.408,19.59,0.3,-0.010258571,-0.006544367,0.300,-0.15,0.006987102,0.054359526,0.1
1989-10,366.8,340.359985,125.400,7.64,94.065,20.10,0.5,0.013825394,-0.025175452,0.600,-0.11,-0.014076388,0.026033691,0.2
1989-11,394.361,345.98999,125.900,7.69,94.083,19.86,0.2,0.07513904,0.016541325,0.500,0.05,0.000191357,-0.011940299,-0.3
1989-12,409.655,353.399994,126.300,7.63,93.175,21.10,0.2,0.038781725,0.021416816,0.400,-0.06,-0.009651053,0.062437059,0
1990-01,410.118,329.079987,127.500,7.64,92.847,22.86,1,0.001130219,-0.068817225,1.200,0.01,-0.003520258,0.083412322,0.8
1990-02,416.543,331.890015,128.000,7.74,92.967,22.11,0.5,0.015666223,0.008539043,0.500,0.10,0.001292449,-0.032808399,-0.5
1990-03,393.661,339.940002,128.600,7.90,94.102,20.39,0.5,-0.054933104,0.024254984,0.600,0.16,0.012208633,-0.077792854,0
1990-04,374.929,330.799988,128.900,7.77,94.007,18.43,0.2,-0.047584089,-0.026887139,0.300,-0.13,-0.001009543,-0.096125552,-0.3
1990-05,368.855,361.230011,129.100,7.74,93.01,18.20,0.2,-0.016200401,0.09198919,0.200,-0.03,-0.010605593,-0.012479653,0
1990-06,352.657,358.019989,129.900,7.73,93.307,16.70,0.5,-0.043914275,-0.008886366,0.800,-0.01,0.003193205,-0.082417582,0.3
1990-07,361.82,356.149994,130.500,7.62,91.657,18.45,0.4,0.025982754,-0.005223158,0.600,-0.11,-0.017683561,0.104790419,-0.1
1990-08,394.861,322.559998,131.600,7.45,90.248,27.31,0.9,0.091318888,-0.094314184,1.100,-0.17,-0.01537253,0.480216802,0.5
1990-09,389.56,306.049988,132.500,7.36,89.349,33.51,0.8,-0.013424977,-0.051184307,0.900,-0.09,-0.00996144,0.227023068,-0.1
1990-10,381.333,304,133.400,7.17,87.59,36.04,0.6,-0.021118698,-0.006698213,0.900,-0.19,-0.019686846,0.075499851,-0.2
1990-11,381.866,322.220001,133.700,7.06,87.358,32.33,0.2,0.001397728,0.059934214,0.300,-0.11,-0.002648704,-0.102941176,-0.4
1990-12,378.161,330.220001,134.200,6.74,88.232,27.28,0,-0.009702356,0.024827757,0.500,-0.32,0.010004808,-0.15620167,-0.2
1991-01,384.591,343.929993,134.700,6.22,87.979,25.23,0.6,0.01700334,0.041517752,0.500,-0.52,-0.00286744,-0.075146628,0.6
1991-02,363.748,367.070007,134.800,5.94,86.881,20.48,0.1,-0.054195236,0.067281175,0.100,-0.28,-0.012480251,-0.188267935,-0.5
1991-03,363.39,375.220001,134.800,5.91,89.778,19.90,0.1,-0.000984198,0.022202833,0.000,-0.03,0.03334446,-0.028320313,0
1991-04,358.055,375.339996,135.100,5.65,90.746,20.83,0.1,-0.014681197,0.000319799,0.300,-0.26,0.010782152,0.046733668,0
1991-05,357.117,389.829987,135.600,5.46,91.074,21.23,0.3,-0.002619709,0.038604975,0.500,-0.19,0.003614484,0.019203072,0.2
1991-06,366.36,371.160004,136.000,5.57,92.212,20.19,0.3,0.025882274,-0.047892629,0.400,0.11,0.012495333,-0.048987282,0
1991-07,368.013,387.809998,136.200,5.58,91.983,21.40,0.1,0.004511955,0.044859343,0.200,0.01,-0.002483408,0.059930659,-0.2
1991-08,356.721,395.429993,136.600,5.33,91.005,21.69,0.3,-0.030683699,0.019648784,0.400,-0.25,-0.010632399,0.013551402,0.2
1991-09,348.46,387.859985,137.000,5.22,90,21.89,0.4,-0.023158154,-0.019143738,0.400,-0.11,-0.011043349,0.009220839,0.1
1991-10,358.826,392.450012,137.200,4.99,89.316,23.23,0.1,0.029748034,0.011834237,0.200,-0.23,-0.0076,0.061215167,-0.3
1991-11,359.96,375.220001,137.800,4.56,87.996,22.46,0.3,0.003160306,-0.043903709,0.600,-0.43,-0.014778987,-0.033146793,0.2
1991-12,361.875,417.089996,138.200,4.07,87.176,19.50,0.1,0.005320036,0.111587855,0.400,-0.49,-0.009318605,-0.131789849,-0.2
1992-01,354.436,408.779999,138.300,3.80,86.92,18.79,0.1,-0.020556822,-0.01992375,0.100,-0.27,-0.002936588,-0.036410256,0
1992-02,353.853,412.700012,138.600,3.84,87.994,19.01,0.4,-0.001644867,0.009589542,0.300,0.04,0.01235619,0.011708356,0.3
1992-03,344.641,403.690002,139.100,4.04,89.707,18.92,0.5,-0.026033409,-0.021831863,0.500,0.20,0.019467236,-0.00473435,0.1
1992-04,338.728,414.950012,139.400,3.75,89.179,20.23,0.1,-0.017156984,0.027892715,0.300,-0.29,-0.005885828,0.069238901,-0.4
1992-05,337.039,415.350006,139.700,3.63,88.298,20.98,0.1,-0.004986302,0.000963957,0.300,-0.12,-0.009879007,0.037073653,0
1992-06,340.784,408.140015,140.100,3.66,87.141,22.39,0.4,0.011111474,-0.017358832,0.400,0.03,-0.013103355,0.067206864,0.3
1992-07,352.452,424.209991,140.500,3.21,85.902,21.78,0.2,0.034238697,0.039373684,0.400,-0.45,-0.014218336,-0.027244305,-0.2
1992-08,343.603,414.029999,140.800,3.13,85.408,21.34,0.3,-0.025106965,-0.02399753,0.300,-0.08,-0.005750739,-0.02020202,0.1
1992-09,345.3,417.799988,141.100,2.91,85.656,21.88,0.3,0.004938839,0.009105594,0.300,-0.22,0.002903709,0.025304592,0
1992-10,344.277,418.679993,141.700,2.86,87.32,21.69,0.4,-0.002962641,0.002106283,0.600,-0.05,0.019426543,-0.008683729,0.1
1992-11,334.924,431.350006,142.100,3.13,89.917,20.34,0.1,-0.027167078,0.030261807,0.400,0.27,0.029741182,-0.062240664,-0.3
1992-12,334.657,435.709991,142.300,3.22,89.983,19.41,-0.1,-0.000797196,0.010107766,0.200,0.09,0.00073401,-0.045722714,-0.2
1993-01,328.993,438.779999,142.800,3.00,90.628,19.03,0.5,-0.016924792,0.007045989,0.500,-0.22,0.007168021,-0.019577537,0.6
1993-02,329.31,443.380005,143.100,2.93,90.712,20.09,0.4,0.000963546,0.010483627,0.300,-0.07,0.000926866,0.055701524,-0.1
1993-03,329.974,451.670013,143.300,2.95,90.071,20.32,0.3,0.002016337,0.018697298,0.200,0.02,-0.00706632,0.011448482,-0.1
1993-04,341.948,440.190002,143.800,2.87,88.28,20.25,0.3,0.036287708,-0.02541681,0.500,-0.08,-0.019884313,-0.003444882,0
1993-05,367.045,450.190002,144.200,2.96,88.15,19.95,0.1,0.0733942,0.022717463,0.400,0.09,-0.001472587,-0.014814815,-0.2
1993-06,371.914,450.529999,144.300,3.07,88.394,19.09,0.1,0.013265403,0.00075523,0.100,0.11,0.002768009,-0.043107769,0
1993-07,392.034,448.130005,144.500,3.04,89.069,17.89,0,0.054098528,-0.005327046,0.200,-0.03,0.007636265,-0.062860136,-0.1
1993-08,379.795,463.559998,144.800,3.02,88.662,18.01,0.3,-0.031219231,0.034431957,0.300,-0.02,-0.004569491,0.006707658,0.3
1993-09,355.561,458.929993,145.000,2.95,88.096,17.50,0.2,-0.063808107,-0.00998793,0.200,-0.07,-0.006383795,-0.028317601,-0.1
1993-10,364.005,467.829987,145.600,3.02,88.767,18.15,0.4,0.023748386,0.019392923,0.600,0.07,0.007616691,0.037142857,0.2
1993-11,373.939,461.790009,146.000,3.10,89.398,16.61,0.1,0.027290834,-0.012910626,0.400,0.08,0.007108498,-0.084848485,-0.3
1993-12,383.243,466.450012,146.300,3.06,89.314,14.52,0,0.024881063,0.010091173,0.300,-0.04,-0.000939618,-0.125827815,-0.1
1994-01,387.11,481.609985,146.300,2.98,91.365,15.03,0.3,0.010090204,0.032500745,0.000,-0.08,0.022963925,0.035123967,0.3
1994-02,381.658,467.140015,146.700,3.25,90.817,14.78,0.3,-0.014083852,-0.030044996,0.400,0.27,-0.00599792,-0.0166334,0
1994-03,384,445.769989,147.100,3.50,90.818,14.68,0.3,0.006136384,-0.045746511,0.400,0.25,1.10112E-05,-0.0067659,0
1994-04,377.908,450.910004,147.200,3.68,90.681,16.42,0.1,-0.015864583,0.011530644,0.100,0.18,-0.001508512,0.11852861,-0.2
1994-05,381.343,456.5,147.500,4.14,89.919,17.89,0.1,0.009089514,0.012397143,0.300,0.46,-0.008403083,0.08952497,0
1994-06,385.714,444.269989,147.900,4.14,89.607,19.06,0.3,0.011462122,-0.026790824,0.400,0.00,-0.003469789,0.065399665,0.2
1994-07,385.45,458.26001,148.400,4.33,88.291,19.66,0.3,-0.000684445,0.031489908,0.500,0.19,-0.014686353,0.031479538,0
1994-08,380.207,475.48999,149.000,4.48,88.032,18.38,0.4,-0.013602283,0.037598699,0.600,0.15,-0.002933481,-0.065106816,0.1
1994-09,391.348,462.709991,149.300,4.62,87.025,17.45,0.3,0.029302459,-0.026877535,0.300,0.14,-0.011439022,-0.050598477,-0.1
1994-10,390.164,472.350006,149.400,4.95,86.31,17.72,0.1,-0.00302544,0.020833816,0.100,0.33,-0.00821603,0.015472779,-0.2
1994-11,384.377,453.690002,149.800,5.29,86.493,18.07,0.1,-0.014832224,-0.039504613,0.400,0.34,0.002120264,0.019751693,0
1994-12,379.48,459.269989,150.100,5.60,88.125,17.16,0,-0.012740096,0.012299118,0.300,0.31,0.018868579,-0.050359712,-0.1
1995-01,378.738,470.420013,150.500,5.71,89.583,18.04,0.4,-0.001955307,0.024277711,0.400,0.11,0.016544681,0.051282051,0.4
1995-02,376.745,487.390015,150.900,5.77,88.908,18.57,0.4,-0.005262213,0.03607415,0.400,0.06,-0.007534912,0.029379157,0
1995-03,381.82,500.709991,151.200,5.73,87.782,18.54,0.3,0.01347065,0.027329193,0.300,-0.04,-0.012664777,-0.001615509,-0.1
1995-04,391.339,514.710022,151.800,5.65,84.756,19.90,0.3,0.024930596,0.027960359,0.600,-0.08,-0.03447176,0.073354908,0
1995-05,385.231,533.400024,152.100,5.67,84.3,19.74,0.2,-0.015607951,0.036311712,0.300,0.02,-0.00538015,-0.008040201,-0.1
1995-06,387.618,544.75,152.400,5.47,84.234,18.45,0.2,0.006196282,0.021278544,0.300,-0.20,-0.000782918,-0.065349544,0
1995-07,386.138,562.059998,152.600,5.42,84.049,17.33,0,-0.003818192,0.03177604,0.200,-0.05,-0.002196263,-0.060704607,-0.2
1995-08,383.502,561.880005,152.900,5.40,85.928,18.02,0.3,-0.006826575,-0.000320238,0.300,-0.02,0.022356007,0.039815349,0.3
1995-09,382.931,584.409973,153.100,5.28,86.802,18.23,0.2,-0.00148891,0.040097472,0.200,-0.12,0.010171306,0.011653718,-0.1
1995-10,383.202,581.5,153.500,5.28,86.684,17.43,0.3,0.000707699,-0.004979335,0.400,0.00,-0.001359416,-0.043883708,0.1
1995-11,385.209,605.369995,153.700,5.36,87.443,17.99,-0.1,0.005237447,0.041049003,0.200,0.08,0.008755941,0.032128514,-0.4
1995-12,387.445,615.929993,153.900,5.14,87.673,19.03,-0.1,0.005804641,0.017443874,0.200,-0.22,0.002630285,0.057809894,0
1996-01,398.695,636.02002,154.700,5.00,88.278,18.86,0.6,0.029036379,0.032617387,0.800,-0.14,0.006900642,-0.008933263,0.7
1996-02,404.919,640.429993,155.000,4.83,88.187,19.09,0.3,0.015610931,0.006933702,0.300,-0.17,-0.001030834,0.012195122,-0.3
1996-03,396.512,645.5,155.500,4.96,88.251,21.33,0.5,-0.020762177,0.007916567,0.500,0.13,0.000725731,0.117338921,0.2
1996-04,392.87,654.169983,156.100,4.95,88.27,23.50,0.4,-0.009185094,0.013431422,0.600,-0.01,0.000215295,0.101734646,-0.1
1996-05,391.99,669.119995,156.400,5.02,88.509,21.17,0.2,-0.002239927,0.022853406,0.300,0.07,0.002707602,-0.099148936,-0.2
1996-06,385.245,670.630005,156.700,5.09,88.787,20.42,0.1,-0.017207072,0.00225671,0.300,0.07,0.003140924,-0.035427492,-0.1
1996-07,383.457,639.950012,157.000,5.15,88.699,21.30,0.2,-0.004641202,-0.045748017,0.300,0.06,-0.000991136,0.043095005,0.1
1996-08,387.51,651.98999,157.200,5.05,88.099,21.90,0.2,0.010569634,0.018813935,0.200,-0.10,-0.006764451,0.028169014,0
1996-09,383.29,687.330017,157.700,5.09,88.508,23.97,0.3,-0.010890042,0.054203328,0.500,0.04,0.004642504,0.094520548,0.1
1996-10,380.909,705.27002,158.200,4.99,88.977,24.88,0.3,-0.006212007,0.026101003,0.500,-0.10,0.005298956,0.037964122,0
1996-11,377.869,757.02002,158.700,5.03,88.537,23.71,0.2,-0.007980909,0.073376152,0.500,0.04,-0.004945098,-0.047025723,-0.1
1996-12,369.338,740.73999,159.100,4.91,89.086,25.23,0,-0.022576607,-0.021505415,0.400,-0.12,0.006200797,0.064107971,-0.2
1997-01,355.025,786.159973,159.400,5.03,89.846,25.13,0.3,-0.03875312,0.061317039,0.300,0.12,0.008531082,-0.003963535,0.3
1997-02,346.4,790.820007,159.700,5.01,91.393,22.18,0.3,-0.024294064,0.00592759,0.300,-0.02,0.017218351,-0.117389574,0
1997-03,352.311,757.119995,159.800,5.14,92.309,20.97,0.3,0.017064088,-0.04261401,0.100,0.13,0.010022649,-0.054553652,0
1997-04,344.707,801.340027,159.900,5.16,92.665,19.70,0.1,-0.021583203,0.058405579,0.100,0.02,0.003856612,-0.060562709,-0.2
1997-05,344.1,848.280029,159.900,5.05,91.575,20.82,-0.1,-0.001760916,0.058576884,0.000,-0.11,-0.011762801,0.056852792,-0.2
1997-06,340.805,885.140015,160.200,4.93,91.135,19.26,0.1,-0.009575705,0.043452616,0.300,-0.12,-0.004804805,-0.074927954,0.2
1997-07,323.78,954.309998,160.400,5.05,92.16,19.66,0.1,-0.049955253,0.07814581,0.200,0.12,0.011247051,0.020768432,0
1997-08,323.998,899.469971,160.800,5.14,93.711,19.95,0.2,0.000673297,-0.057465632,0.400,0.09,0.016829427,0.014750763,0.1
1997-09,322.616,947.280029,161.200,4.95,93.953,19.80,0.2,-0.004265458,0.05315359,0.400,-0.19,0.002582408,-0.007518797,0
1997-10,324.863,914.619995,161.500,4.97,94.614,21.33,0.2,0.006964937,-0.034477697,0.300,0.02,0.007035433,0.077272727,0
1997-11,306.345,955.400024,161.700,5.14,95.997,20.19,-0.1,-0.05700249,0.044586855,0.200,0.17,0.014617287,-0.053445851,-0.3
1997-12,288.776,970.429993,161.800,5.16,99.362,18.33,-0.1,-0.057350373,0.015731598,0.100,0.02,0.035053179,-0.092124814,0
1998-01,289.264,980.280029,162.000,5.04,102.108,16.72,0.2,0.001689891,0.010150177,0.200,-0.12,0.02763632,-0.087834152,0.3
1998-02,297.743,1049.339966,162.000,5.09,100.39,16.06,0.2,0.029312324,0.070449193,0.000,0.05,-0.016825322,-0.039473684,0
1998-03,295.87,1101.75,162.000,5.03,100.06,15.12,0.2,-0.00629066,0.049945714,0.000,-0.06,-0.00328718,-0.058530511,0
1998-04,308.558,1111.75,162.200,4.95,99.785,15.35,0.2,0.042883699,0.009076469,0.200,-0.08,-0.002748351,0.01521164,0
1998-05,298.971,1090.819946,162.600,5.00,100.562,14.91,0.2,-0.031070334,-0.018826224,0.400,0.05,0.007786741,-0.028664495,0
1998-06,292.223,1133.839966,162.800,4.98,102.727,13.72,0.1,-0.022570751,0.039438241,0.200,-0.02,0.021529007,-0.079812207,-0.1
1998-07,292.874,1120.670044,163.200,4.96,103.031,14.17,0.1,0.002227751,-0.011615327,0.400,-0.02,0.0029593,0.032798834,0
1998-08,284.228,957.280029,163.400,4.90,104.641,13.47,0.1,-0.029521228,-0.145796719,0.200,-0.06,0.015626365,-0.049400141,0
1998-09,288.661,1017.01001,163.500,4.61,102.837,15.03,0.1,0.015596634,0.062395516,0.100,-0.29,-0.017239896,0.115812918,0
1998-10,296.595,1098.670044,163.900,3.96,99.946,14.46,0.2,0.027485528,0.080294228,0.400,-0.65,-0.02811245,-0.037924152,0.1
1998-11,294.243,1163.630005,164.100,4.41,99.608,13.00,0,-0.007930006,0.059125996,0.200,0.45,-0.003381826,-0.100968188,-0.2
1998-12,291.357,1229.22998,164.400,4.39,98.711,11.35,-0.1,-0.00980822,0.056375287,0.300,-0.02,-0.009005301,-0.126923077,-0.1
1999-01,287.333,1279.640015,164.700,4.34,98.788,12.52,0.2,-0.013811235,0.041009442,0.300,-0.05,0.000780055,0.1030837,0.3
1999-02,287.495,1238.329956,164.700,4.44,100.005,12.01,0.1,0.000563806,-0.032282563,0.000,0.10,0.01231931,-0.040734824,-0.1
1999-03,286.243,1286.369995,164.800,4.44,101.095,14.68,0.3,-0.004354858,0.038794215,0.100,0.00,0.010899455,0.222314738,0.2
1999-04,282.62,1335.180054,165.900,4.29,100.999,17.31,0.7,-0.012657078,0.037944028,1.100,-0.15,-0.000949602,0.179155313,0.4
1999-05,276.932,1301.839966,166.000,4.50,100.719,17.72,0,-0.020125964,-0.024970481,0.100,0.21,-0.002772305,0.023685731,-0.7
1999-06,261.402,1372.709961,166.000,4.57,101.152,17.92,0,-0.056078749,0.054438331,0.000,0.07,0.00429909,0.011286682,0
1999-07,256.198,1328.719971,166.700,4.55,101.423,20.10,0.3,-0.019908034,-0.032046092,0.700,-0.02,0.002679136,0.121651786,0.3
1999-08,256.936,1320.410034,167.100,4.72,100.428,21.28,0.2,0.002880585,-0.006254092,0.400,0.17,-0.009810398,0.058706468,-0.1
1999-09,264.47,1282.709961,167.800,4.68,100.005,23.80,0.5,0.029322477,-0.028551792,0.700,-0.04,-0.004211973,0.118421053,0.3
1999-10,311.562,1362.930054,168.100,4.86,99.537,22.69,0.2,0.178061784,0.062539542,0.300,0.18,-0.004679766,-0.046638655,-0.3
1999-11,293.65,1388.910034,168.400,5.07,99.833,25.00,0.1,-0.057490965,0.019061859,0.300,0.21,0.002973769,0.101806963,-0.1
1999-12,283.743,1469.25,168.800,5.20,99.933,26.10,0,-0.033737443,0.057843895,0.400,0.13,0.001001673,0.044,-0.1
2000-01,284.59,1394.459961,169.300,5.32,99.871,27.26,0.3,0.002985096,-0.050903549,0.500,0.12,-0.000620416,0.044444444,0.3
2000-02,300.855,1366.420044,170.000,5.55,101.233,29.37,0.6,0.057152395,-0.020108083,0.700,0.23,0.013637592,0.077402788,0.3
2000-03,286.704,1498.579956,171.000,5.69,101.71,29.84,0.8,-0.047035948,0.096719828,1.000,0.14,0.004711902,0.016002724,0.2
2000-04,279.961,1452.430054,170.900,5.66,102.282,25.72,0.1,-0.02351903,-0.030795756,-0.100,-0.03,0.005623832,-0.138069705,-0.7
2000-05,275.293,1420.599976,171.200,5.79,104.515,28.79,0.1,-0.016673751,-0.021915051,0.300,0.13,0.021831798,0.119362364,0
2000-06,285.368,1454.599976,172.200,5.69,103.619,31.82,0.5,0.036597371,0.02393355,1.000,-0.10,-0.008572932,0.105244877,0.4
2000-07,282.152,1430.829956,172.700,5.96,103.893,29.70,0.2,-0.011269659,-0.016341276,0.500,0.27,0.002644303,-0.066624764,-0.3
2000-08,274.523,1517.680054,172.700,6.09,104.368,31.26,0,-0.027038617,0.060699105,0.000,0.13,0.004572012,0.052525253,-0.2
2000-09,273.676,1436.51001,173.600,6.00,105.843,33.88,0.5,-0.003085352,-0.053482975,0.900,-0.09,0.014132684,0.08381318,0.5
2000-10,270.405,1429.400024,173.900,6.11,107.344,33.11,0.2,-0.011952089,-0.004949486,0.300,0.11,0.014181382,-0.022727273,-0.3
2000-11,265.989,1314.949951,174.200,6.17,107.956,34.42,0.1,-0.016331059,-0.08006861,0.300,0.06,0.005701297,0.039565086,-0.1
2000-12,271.892,1320.280029,174.600,5.77,107.105,28.44,-0.1,0.022192647,0.004053446,0.400,-0.40,-0.007882841,-0.1737362,-0.2
2001-01,265.934,1366.01001,175.600,5.15,107.458,29.59,0.6,-0.021913113,0.034636577,1.000,-0.62,0.003295831,0.040436006,0.7
2001-02,262.018,1239.939941,176.000,4.88,108.267,29.61,0.4,-0.014725458,-0.092290736,0.400,-0.27,0.007528523,0.000675904,-0.2
2001-03,263.273,1160.329956,176.100,4.42,109.861,27.25,0.2,0.004789747,-0.064204711,0.100,-0.46,0.014722861,-0.079702803,-0.2
2001-04,260.75,1249.459961,176.400,3.87,110.499,27.49,0.4,-0.009583208,0.076814362,0.300,-0.55,0.005807338,0.008807339,0.2
2001-05,272.057,1255.819946,177.300,3.62,110.543,28.63,0.5,0.043363375,0.005090187,0.900,-0.25,0.000398194,0.041469625,0.1
2001-06,270.738,1224.380005,177.700,3.49,111.364,27.60,0.2,-0.004848249,-0.025035389,0.400,-0.13,0.007426974,-0.035976249,-0.3
2001-07,267.707,1211.22998,177.400,3.51,111.493,26.43,-0.3,-0.011195325,-0.01074015,-0.300,0.02,0.001158364,-0.042391304,-0.5
2001-08,272.657,1133.579956,177.400,3.36,109.517,27.37,0,0.018490364,-0.064108407,0.000,-0.15,-0.017723086,0.035565645,0.3
2001-09,282.478,1040.939941,178.100,2.64,110.129,26.20,0.5,0.036019614,-0.081723406,0.700,-0.72,0.005588174,-0.042747534,0.5
2001-10,283.322,1059.780029,177.600,2.16,110.519,22.17,-0.3,0.002987843,0.018099111,-0.500,-0.48,0.003541302,-0.153816794,-0.8
2001-11,276.248,1139.449951,177.500,1.87,110.999,19.64,-0.2,-0.024968058,0.075175904,-0.100,-0.29,0.004343145,-0.114118178,0.1
2001-12,275.992,1148.079956,177.400,1.69,110.944,19.39,-0.4,-0.000926704,0.007573834,-0.100,-0.18,-0.0004955,-0.012729124,-0.2
2002-01,281.764,1130.199951,177.700,1.65,112.174,19.72,0.2,0.02091365,-0.015573833,0.300,-0.04,0.011086674,0.017019082,0.6
2002-02,295.683,1106.72998,178.000,1.72,112.767,20.72,0.4,0.049399497,-0.020766211,0.300,0.07,0.00528643,0.050709939,0.2
2002-03,294.353,1147.390015,178.500,1.79,112.155,24.53,0.6,-0.00449806,0.036738894,0.500,0.07,-0.00542712,0.183880309,0.2
2002-04,302.862,1076.920044,179.300,1.71,111.927,26.18,0.6,0.028907468,-0.061417626,0.800,-0.08,-0.002032901,0.067264574,0
2002-05,314.48,1067.140015,179.500,1.73,110.419,27.04,0,0.038360706,-0.009081481,0.200,0.02,-0.013473067,0.032849503,-0.6
2002-06,321.536,989.820007,179.600,1.70,108.955,25.52,0.1,0.022437039,-0.072455354,0.100,-0.03,-0.013258588,-0.056213018,0.1
2002-07,313.567,911.619995,180.000,1.68,107.364,26.97,0.1,-0.024784161,-0.079004275,0.400,-0.02,-0.014602359,0.056818182,0
2002-08,310.045,916.070007,180.500,1.62,108.653,28.39,0.3,-0.011232049,0.004881433,0.500,-0.06,0.012005887,0.052651094,0.2
2002-09,318.8,815.280029,180.800,1.63,109.487,29.66,0.2,0.028237836,-0.110024318,0.300,0.01,0.007675812,0.044734061,-0.1
2002-10,316.748,885.76001,181.200,1.58,110.283,28.84,0.2,-0.006436637,0.086448801,0.400,-0.05,0.00727027,-0.027646662,0
2002-11,319.255,936.309998,181.500,1.23,109.058,26.35,0,0.007914809,0.057069621,0.300,-0.35,-0.011107786,-0.086338419,-0.2
2002-12,333.3,879.820007,181.800,1.19,108.482,29.46,-0.2,0.043993046,-0.060332573,0.300,-0.04,-0.005281593,0.118026565,-0.2
2003-01,356.864,855.700012,182.600,1.17,107.183,32.95,0.4,0.07069907,-0.027414693,0.800,-0.02,-0.011974337,0.118465716,0.6
2003-02,359.575,841.150024,183.600,1.17,107.322,35.83,0.8,0.007596732,-0.017003609,1.000,0.00,0.001296847,0.087405159,0.4
2003-03,341.564,848.179993,183.900,1.13,106.834,33.51,0.6,-0.050089689,0.008357569,0.300,-0.04,-0.004547064,-0.064750209,-0.2
2003-04,328.208,916.919983,183.200,1.13,105.664,28.17,-0.2,-0.039102482,0.081044107,-0.700,0.00,-0.01095157,-0.159355416,-0.8
2003-05,355.405,963.590027,182.900,1.07,102.119,28.11,-0.2,0.082865134,0.05089871,-0.300,-0.06,-0.033549743,-0.002129925,0
2003-06,356.912,974.5,183.100,0.92,101.613,30.66,0.1,0.004240233,0.011322215,0.200,-0.15,-0.004955003,0.090715048,0.3
2003-07,350.765,990.309998,183.700,0.90,102.877,30.76,0.1,-0.017222733,0.016223702,0.600,-0.02,0.012439353,0.003261579,0
2003-08,358.993,1008.01001,184.500,0.95,104.24,31.57,0.4,0.0234573,0.017873203,0.800,0.05,0.013248831,0.0263329,0.3
2003-09,378.859,995.969971,185.100,0.94,103.178,28.31,0.3,0.055338126,-0.011944365,0.600,-0.01,-0.010188028,-0.103262591,-0.1
2003-10,379.093,1050.709961,184.900,0.92,100.866,30.34,-0.1,0.000617644,0.054961486,-0.200,-0.02,-0.022407878,0.071706111,-0.4
2003-11,390.2,1058.199951,185.000,0.93,100.468,31.11,-0.3,0.029298879,0.007128504,0.100,0.01,-0.003945829,0.025379038,-0.2
2003-12,407.674,1111.920044,185.500,0.90,99.121,32.13,-0.1,0.044782163,0.050765541,0.500,-0.03,-0.013407254,0.032786885,0.2
2004-01,414.495,1131.130005,186.300,0.88,97.648,34.31,0.5,0.016731506,0.017276387,0.800,-0.02,-0.014860625,0.067849362,0.6
2004-02,404.73,1144.939941,186.700,0.93,98.246,34.69,0.5,-0.023558788,0.012208973,0.400,0.05,0.006124037,0.011075488,0
2004-03,405.976,1126.209961,187.100,0.94,99.156,36.74,0.6,0.003078596,-0.016358919,0.400,0.01,0.009262464,0.05909484,0.1
2004-04,404.85,1107.300049,187.400,0.94,99.746,36.75,0.3,-0.002773563,-0.016790752,0.300,0.00,0.00595022,0.000272183,-0.3
2004-05,383.953,1120.680054,188.200,1.02,101.485,40.28,6,-0.051616648,0.01208345,0.800,0.08,0.017434283,0.096054422,5.7
2004-06,391.78,1140.839966,188.900,1.27,100.643,38.03,0.3,0.020385308,0.017988999,0.700,0.25,-0.008296793,-0.055858987,-5.7
2004-07,398.441,1101.719971,189.100,1.33,99.858,40.78,-0.2,0.017001889,-0.034290519,0.200,0.06,-0.007799847,0.072311333,-0.5
2004-08,400.133,1104.23999,189.200,1.48,99.823,44.90,0.1,0.004246551,0.00228735,0.100,0.15,-0.000350498,0.101029917,0.3
2004-09,405.402,1114.579956,189.800,1.65,99.547,45.94,0.2,0.013168122,0.009363876,0.600,0.17,-0.002764894,0.023162584,0.1
2004-10,420.21,1130.199951,190.800,1.76,98.383,53.28,0.5,0.036526707,0.014014244,1.000,0.11,-0.011692969,0.159773618,0.3
2004-11,439.059,1173.819946,191.700,2.07,96.184,48.47,0.1,0.044856143,0.038594936,0.900,0.31,-0.022351423,-0.090277778,-0.4
2004-12,442.974,1211.920044,191.700,2.19,95.058,43.15,-0.4,0.008916797,0.032458213,0.000,0.12,-0.011706729,-0.109758614,-0.5
2005-01,424.08,1181.27002,191.600,2.33,95.45,46.84,0.2,-0.042652616,-0.025290467,-0.100,0.14,0.004123798,0.085515643,0.6
2005-02,423.43,1203.599976,192.400,2.54,95.698,48.15,0.6,-0.00153273,0.018903346,0.800,0.21,0.002598219,0.027967549,0.4
2005-03,434.355,1180.589966,193.100,2.74,95.307,54.19,0.8,0.025801195,-0.019117656,0.700,0.20,-0.00408577,0.125441329,0.2
2005-04,429.14,1156.849976,193.700,2.78,96.234,52.98,0.7,-0.012006308,-0.020108582,0.600,0.04,0.009726463,-0.022328843,-0.1
2005-05,422.903,1191.5,193.600,2.84,96.47,49.83,-0.1,-0.014533719,0.029952046,-0.100,0.06,0.002452356,-0.059456399,-0.8
2005-06,430.302,1191.329956,193.700,2.97,97.334,56.35,0.1,0.017495738,-0.000142714,0.100,0.13,0.008956152,0.130844873,0.2
2005-07,424.745,1234.180054,194.900,3.22,97.987,59.00,0.5,-0.012914186,0.035968287,1.200,0.25,0.006708858,0.047027507,0.4
2005-08,437.773,1220.329956,196.100,3.44,97.148,64.99,0.5,0.030672521,-0.011222105,1.200,0.22,-0.00856236,0.101525424,0
2005-09,455.936,1228.810059,198.800,3.42,98.022,65.59,1.2,0.041489539,0.006949025,2.700,-0.02,0.008996583,0.00923219,0.7
2005-10,470.107,1207.01001,199.100,3.71,98.909,62.26,0.2,0.031081117,-0.01774078,0.300,0.29,0.009048989,-0.050769934,-1
2005-11,476.668,1249.47998,198.100,3.88,99.049,58.32,-0.8,0.013956397,0.035186096,-1.000,0.17,0.001415442,-0.063283007,-1
2005-12,509.423,1248.290039,198.100,3.89,98.264,59.41,-0.4,0.068716591,-0.000952349,0.000,0.01,-0.00792537,0.018689986,0.4
2006-01,549.433,1280.079956,199.300,4.24,97.124,65.49,0.8,0.078539838,0.025466771,1.200,0.35,-0.0116014,0.102339673,1.2
2006-02,555.518,1280.660034,199.400,4.43,97.313,61.63,0.2,0.011075054,0.000453158,0.100,0.19,0.001945966,-0.058940296,-0.6
2006-03,557.215,1294.869995,199.700,4.51,97.516,62.69,0.6,0.003054807,0.01109581,0.300,0.08,0.002086052,0.017199416,0.4
2006-04,611.853,1310.609985,200.700,4.60,97.021,69.44,0.9,0.098055508,0.012155653,1.000,0.09,-0.00507609,0.107672675,0.3
2006-05,676.769,1270.089966,201.300,4.72,95.1,70.84,0.5,0.10609738,-0.030916916,0.600,0.12,-0.019799837,0.02016129,-0.4
2006-06,597.898,1270.199951,201.800,4.79,96.341,70.95,0.2,-0.116540503,8.65962E-05,0.500,0.07,0.013049422,0.001552795,-0.3
2006-07,633.093,1276.660034,202.900,4.95,96.491,74.41,0.3,0.058864555,0.005085879,1.100,0.16,0.00155697,0.048766737,0.1
2006-08,631.557,1303.819946,203.800,4.96,96.056,73.04,0.2,-0.002426184,0.021274193,0.900,0.01,-0.004508192,-0.018411504,-0.1
2006-09,600.15,1335.849976,202.800,4.81,95.737,63.80,-0.5,-0.049729478,0.024566299,-1.000,-0.15,-0.003320979,-0.126506024,-0.7
2006-10,586.648,1377.939941,201.900,4.92,95.465,58.89,-0.5,-0.022497709,0.031508003,-0.900,0.11,-0.002841117,-0.076959248,0
2006-11,626.825,1400.630005,202.000,4.94,94.484,59.08,-0.1,0.068485702,0.016466657,0.100,0.02,-0.010276017,0.003226354,0.4
2006-12,629.513,1418.300049,203.100,4.85,93.888,61.96,0.1,0.004288278,0.012615783,1.100,-0.09,-0.006307946,0.048747461,0.2
2007-01,630.352,1438.23999,203.437,4.98,94.827,54.51,0.3,0.001332776,0.014059043,0.337,0.13,0.010001278,-0.120238864,0.2
2007-02,665.103,1406.819946,204.226,5.03,94.65,59.28,0.5,0.055129515,-0.021846176,0.789,0.05,-0.001866557,0.087506879,0.2
2007-03,655.891,1420.859985,205.288,4.94,94.417,60.44,0.9,-0.013850486,0.009979983,1.062,-0.09,-0.002461701,0.019568151,0.4
2007-04,680.008,1482.369995,205.904,4.87,93.291,63.98,0.6,0.036769829,0.043290691,0.616,-0.07,-0.011925818,0.058570483,-0.3
2007-05,668.31,1530.619995,206.755,4.73,92.63,63.46,0.6,-0.017202739,0.032549229,0.851,-0.14,-0.007085357,-0.00812754,0
2007-06,655.714,1503.349976,207.234,4.61,92.359,67.49,0.2,-0.018847541,-0.017816322,0.479,-0.12,-0.002925618,0.06350457,-0.4
2007-07,665.266,1455.27002,207.603,4.82,90.979,74.12,0,0.014567327,-0.031981878,0.369,0.21,-0.014941695,0.098236776,-0.2
2007-08,664.53,1473.98999,207.667,4.20,91.175,72.36,-0.2,-0.001106324,0.012863572,0.064,-0.62,0.002154343,-0.023745278,-0.2
2007-09,710.645,1526.75,208.547,3.89,90.096,79.92,0.3,0.069394911,0.035794008,0.880,-0.31,-0.011834384,0.104477612,0.5
2007-10,754.48,1549.380005,209.190,3.90,88.163,85.80,0.2,0.0616834,0.014822338,0.643,0.01,-0.021454893,0.073573574,-0.1
2007-11,808.311,1481.140015,210.834,3.27,87.124,94.77,0.6,0.071348478,-0.044043417,1.644,-0.63,-0.011784989,0.104545455,0.4
2007-12,803.618,1468.359985,211.445,3.00,87.769,91.69,-0.1,-0.005805934,-0.008628509,0.611,-0.27,0.007403241,-0.032499736,-0.7
2008-01,887.784,1378.550049,212.174,2.75,87.111,92.97,0.5,0.104733841,-0.061163432,0.729,-0.25,-0.007496952,0.013960083,0.6
2008-02,924.283,1330.630005,212.687,2.12,86.054,95.39,0.3,0.041112478,-0.034761193,0.513,-0.63,-0.012133944,0.026029902,-0.2
2008-03,971.055,1322.699951,213.448,1.26,84.386,105.45,0.9,0.050603549,-0.005959624,0.761,-0.86,-0.019383178,0.105461788,0.6
2008-04,911.6,1385.589966,213.942,1.29,83.957,112.58,0.6,-0.061227222,0.047546698,0.494,0.03,-0.005083782,0.067614983,-0.3
2008-05,889.125,1400.380005,215.208,1.73,84.308,125.40,0.8,-0.024654454,0.010674182,1.266,0.44,0.004180712,0.113874578,0.2
2008-06,889.536,1280,217.463,1.86,84.802,133.88,1,0.000462252,-0.085962385,2.255,0.13,0.005859468,0.067623604,0.2
2008-07,941.167,1267.380005,219.016,1.63,84.398,133.37,0.5,0.05804262,-0.009859371,1.553,-0.23,-0.004764039,-0.003809382,-0.5
2008-08,840.388,1282.829956,218.690,1.72,86.461,116.67,-0.4,-0.107078765,0.012190465,-0.326,0.09,0.024443707,-0.125215566,-0.9
2008-09,824.92,1166.359985,218.877,1.13,88.575,104.11,-0.1,-0.018405784,-0.090791434,0.187,-0.59,0.02445033,-0.107654067,0.3
2008-10,812.815,968.75,216.995,0.67,93.654,76.61,-1,-0.01467415,-0.169424524,-1.882,-0.46,0.057341236,-0.264143694,-0.9
2008-11,757.85,896.23999,213.153,0.19,94.491,57.31,-1.9,-0.067623014,-0.074849043,-3.842,-0.48,0.008937152,-0.251925336,-0.9
2008-12,819.94,903.25,211.398,0.03,92.996,41.12,-1,0.081929142,0.007821577,-1.755,-0.16,-0.015821613,-0.282498691,0.9
2009-01,857.726,825.880005,211.933,0.13,93.777,41.71,0.4,0.04608386,-0.085657343,0.535,0.10,0.008398211,0.014348249,1.4
2009-02,939.763,735.090027,212.705,0.30,96.406,39.09,0.5,0.095644763,-0.109931198,0.772,0.17,0.028034593,-0.062814673,0.1
2009-03,925.989,797.869995,212.495,0.21,96.618,47.94,0.2,-0.014656887,0.085404462,-0.210,-0.09,0.002199033,0.226400614,-0.3
2009-04,892.663,872.809998,212.709,0.16,94.222,49.65,0.2,-0.035989628,0.09392508,0.214,-0.05,-0.024798692,0.035669587,0
2009-05,926.855,919.140015,213.022,0.18,91.496,59.03,0.3,0.038303369,0.053081446,0.313,0.02,-0.028931672,0.188922457,0.1
2009-06,947.807,919.320007,214.790,0.18,90.868,69.64,0.9,0.022605478,0.000195827,1.768,0.00,-0.006863688,0.179739116,0.6
2009-07,934.272,987.47998,214.726,0.18,90.433,64.15,-0.2,-0.014280333,0.074141727,-0.064,0.00,-0.004787164,-0.078834003,-1.1
2009-08,949.5,1020.619995,215.445,0.17,89.366,71.05,0.2,0.016299322,0.033560189,0.719,-0.01,-0.01179879,0.107560405,0.4
2009-09,996.443,1057.079956,215.861,0.12,88.735,69.41,0.1,0.049439705,0.035723346,0.416,-0.05,-0.007060851,-0.023082336,-0.1
2009-10,1043.511,1036.189941,216.509,0.07,87.592,75.72,0.1,0.047236019,-0.019762001,0.648,-0.05,-0.01288105,0.090909091,0
2009-11,1126.119,1095.630005,217.234,0.05,87.156,77.99,0.1,0.079163516,0.057364062,0.725,-0.02,-0.004977624,0.02997887,0
2009-12,1135.012,1115.099976,217.347,0.05,87.389,74.47,-0.2,0.007897034,0.017770571,0.113,0.00,0.002673367,-0.045133992,-0.3
2010-01,1119.575,1073.869995,217.488,0.06,87.401,78.33,0.3,-0.013600737,-0.036974246,0.141,0.01,0.000137317,0.051832953,0.5
2010-02,1095.8,1104.48999,217.281,0.11,88.406,76.39,0,-0.021235737,0.028513689,-0.207,0.05,0.011498724,-0.024767011,-0.3
2010-03,1115.554,1169.430054,217.353,0.15,87.527,81.20,0.4,0.018027012,0.058796426,0.072,0.04,-0.009942764,0.062966357,0.4
2010-04,1148.475,1186.689941,217.403,0.16,86.925,84.29,0.2,0.029510898,0.01475923,0.050,0.01,-0.006877878,0.038054187,-0.2
2010-05,1204.321,1089.410034,217.290,0.16,89.108,73.74,0.1,0.048626222,-0.081975842,-0.113,0.00,0.025113604,-0.125163127,-0.1
2010-06,1232.382,1030.709961,217.199,0.12,89.45,75.34,-0.1,0.023300266,-0.053882442,-0.091,-0.04,0.003838039,0.021697857,-0.2
2010-07,1196,1101.599976,217.605,0.16,87.977,76.32,0,-0.029521691,0.06877785,0.406,0.04,-0.0164673,0.013007698,0.1
2010-08,1213.464,1049.329956,217.923,0.16,87.207,76.60,0.1,0.014602007,-0.047449184,0.318,0.00,-0.008752288,0.003668763,0.1
2010-09,1271.461,1141.199951,218.275,0.15,86.27,75.24,0.1,0.047794578,0.087551103,0.352,-0.01,-0.01074455,-0.017754569,0
2010-10,1343.19,1183.26001,219.035,0.13,83.912,81.89,0.1,0.056414629,0.036855994,0.760,-0.02,-0.027332792,0.088383838,0
2010-11,1371.784,1180.550049,219.590,0.14,83.955,84.25,0,0.021288128,-0.00229025,0.555,0.01,0.000512442,0.028819148,-0.1
2010-12,1393.512,1257.640015,220.472,0.14,84.593,89.15,0.2,0.015839228,0.06530004,0.882,0.00,0.007599309,0.058160237,0.2
2011-01,1360.475,1286.119995,221.187,0.15,83.567,89.17,0.5,-0.023707726,0.022645574,0.715,0.01,-0.012128663,0.000224341,0.3
2011-02,1371.313,1327.219971,221.898,0.13,82.989,88.58,0.5,0.007966335,0.031956564,0.711,-0.02,-0.006916606,-0.006616575,0
2011-03,1422.848,1325.829956,223.046,0.10,82.308,102.86,1,0.037580771,-0.001047313,1.148,-0.03,-0.008205907,0.161210205,0.5
2011-04,1474.431,1363.609985,224.093,0.06,81.026,109.53,0.6,0.036253345,0.02849538,1.047,-0.04,-0.015575643,0.064845421,-0.4
2011-05,1512.188,1345.199951,224.806,0.04,81.052,100.90,0.5,0.025607845,-0.013500953,0.713,-0.02,0.000320885,-0.078791199,-0.1
2011-06,1528.38,1320.640015,224.806,0.04,80.834,96.26,-0.1,0.010707663,-0.018257461,0.000,0.00,-0.002689631,-0.045986125,-0.6
2011-07,1568.526,1292.280029,225.395,0.04,80.241,97.30,0.1,0.026267028,-0.021474426,0.589,0.00,-0.007336022,0.010804072,0.2
2011-08,1759.5,1218.890015,226.106,0.02,80.789,86.33,0.3,0.121753799,-0.056791107,0.711,-0.02,0.006829426,-0.11274409,0.2
2011-09,1780.648,1131.420044,226.597,0.01,83.167,85.52,0.2,0.012019324,-0.071761988,0.491,-0.01,0.0294347,-0.009382602,-0.1
2011-10,1667.893,1253.300049,226.750,0.02,83.749,86.32,-0.2,-0.063322453,0.107723039,0.153,0.01,0.006997968,0.009354537,-0.4
2011-11,1735.977,1246.959961,227.169,0.01,84.27,97.16,-0.1,0.040820364,-0.005058715,0.419,-0.01,0.00622097,0.12557924,0.1
2011-12,1652.725,1257.599976,227.223,0.01,84.975,98.56,-0.2,-0.047956857,0.008532764,0.054,0.00,0.008365967,0.014409222,-0.1
2012-01,1656.095,1312.410034,227.842,0.03,84.32,100.27,0.4,0.002039057,0.043583062,0.619,0.02,-0.007708149,0.017349838,0.6
2012-02,1743.095,1365.680054,228.329,0.09,83.07,102.20,0.4,0.052533218,0.040589464,0.487,0.06,-0.014824478,0.01924803,0
2012-03,1675.057,1408.469971,228.807,0.08,83.44,106.16,0.8,-0.03903287,0.031332315,0.478,-0.01,0.004454075,0.038747554,0.4
2012-04,1648.539,1397.910034,229.187,0.08,83.626,103.32,0.3,-0.015831103,-0.007497453,0.380,0.00,0.002229147,-0.026752072,-0.5
2012-05,1585.114,1310.329956,228.713,0.09,84.852,94.66,-0.1,-0.03847346,-0.062650726,-0.474,0.01,0.014660512,-0.083817267,-0.4
2012-06,1595.632,1362.160034,228.524,0.09,85.946,82.30,-0.1,0.006635485,0.039554982,-0.189,0.00,0.012893037,-0.130572576,0
2012-07,1592.784,1379.319946,228.590,0.10,85.407,87.90,-0.2,-0.001784873,0.012597574,0.066,0.01,-0.00627138,0.068043742,-0.1
2012-08,1625.682,1406.579956,229.918,0.10,84.852,94.13,0.6,0.020654401,0.01976337,1.328,0.00,-0.006498296,0.070875995,0.8
2012-09,1741.925,1440.670044,231.015,0.11,83.71,94.51,0.4,0.071504144,0.024236154,1.097,0.01,-0.013458728,0.00403697,-0.2
2012-10,1746.348,1412.160034,231.638,0.10,83.515,89.49,0,0.002539145,-0.01978941,0.623,-0.01,-0.002329471,-0.053116072,-0.4
2012-11,1724.352,1416.180054,231.249,0.09,83.813,86.53,-0.5,-0.012595428,0.002846717,-0.389,-0.01,0.003568221,-0.033076321,-0.5
2012-12,1687.342,1426.189941,231.221,0.07,83.118,87.86,-0.3,-0.021463135,0.00706823,-0.028,-0.02,-0.00829227,0.015370392,0.2
2013-01,1671.886,1498.109985,231.679,0.07,83.007,94.76,0.3,-0.009159969,0.050428097,0.458,0.00,-0.001335451,0.078534031,0.6
2013-02,1630.688,1514.680054,232.937,0.10,83.866,95.31,0.8,-0.024641632,0.011060649,1.258,0.03,0.010348525,0.005804137,0.5
2013-03,1591.013,1569.189941,232.282,0.09,84.274,92.94,0.3,-0.024330221,0.035987724,-0.655,-0.01,0.004864904,-0.024866226,-0.5
2013-04,1485.905,1597.569946,231.797,0.06,83.678,92.02,-0.1,-0.066063571,0.018085768,-0.485,-0.03,-0.007072169,-0.009898859,-0.4
2013-05,1416.143,1630.73999,231.893,0.04,83.971,94.51,0.2,-0.046949166,0.020762812,0.096,-0.02,0.003501518,0.027059335,0.3
2013-06,1342.7,1606.280029,232.445,0.05,84.596,95.77,0.2,-0.051861288,-0.014999302,0.552,0.01,0.007443046,0.013331923,0
2013-07,1284.348,1685.72998,232.900,0.04,85.034,104.67,0,-0.043458703,0.04946208,0.455,-0.01,0.00517755,0.09293098,-0.2
2013-08,1345.048,1632.969971,233.456,0.04,84.974,106.57,0.1,0.047261334,-0.031298019,0.556,0.00,-0.0007056,0.018152288,0.1
2013-09,1348.464,1681.550049,233.544,0.02,84.575,106.29,0.1,0.002539686,0.029749523,0.088,-0.02,-0.004695554,-0.002627381,0
2013-10,1314.402,1756.540039,233.669,0.05,83.629,100.54,-0.3,-0.025259851,0.044595753,0.125,0.03,-0.011185338,-0.054097281,-0.4
2013-11,1277.417,1805.810059,234.100,0.07,84.316,93.86,-0.2,-0.028138271,0.028049472,0.431,0.02,0.008214854,-0.066441217,0.1
2013-12,1221.588,1848.359985,234.719,0.07,84.507,97.63,0,-0.043704601,0.023562792,0.619,0.00,0.002265288,0.040166205,0.2
2014-01,1243.068,1782.589966,235.288,0.04,85.315,94.62,0.4,0.01758367,-0.035582906,0.569,-0.03,0.009561338,-0.030830687,0.4
2014-02,1298.713,1859.449951,235.547,0.05,85.464,100.82,0.4,0.044764245,0.04311703,0.259,0.01,0.001746469,0.065525259,0
2014-03,1336.56,1872.339966,236.028,0.05,85.38,100.80,0.6,0.029141927,0.006932166,0.481,0.00,-0.00098287,-0.000198373,0.2
2014-04,1299.175,1883.949951,236.468,0.03,84.978,102.07,0.3,-0.02797106,0.006200789,0.440,-0.02,-0.004708363,0.012599206,-0.3
2014-05,1288.913,1923.569946,236.918,0.03,84.639,102.18,0.3,-0.007898859,0.02103028,0.450,0.00,-0.003989268,0.001077692,0
2014-06,1277.857,1960.22998,237.231,0.04,84.705,105.79,0.2,-0.008577771,0.019058332,0.313,0.01,0.000779782,0.03532981,-0.1
2014-07,1312.989,1930.670044,237.498,0.03,84.472,103.59,0,0.027492904,-0.015079831,0.267,-0.01,-0.002750723,-0.020795916,-0.2
2014-08,1297.005,2003.369995,237.460,0.03,85.103,96.54,-0.2,-0.01217375,0.037655295,-0.038,0.00,0.007469931,-0.068056762,-0.2
2014-09,1241.33,1972.290039,237.477,0.02,86.237,93.21,0.1,-0.042925818,-0.015513837,0.017,-0.01,0.01332503,-0.034493474,0.3
2014-10,1223.565,2018.050049,237.430,0.02,87.211,84.40,-0.3,-0.014311263,0.023201461,-0.047,0.00,0.011294456,-0.094517756,-0.4
2014-11,1176.413,2067.560059,236.983,0.02,88.491,75.79,-0.5,-0.038536571,0.024533589,-0.447,0.00,0.014677048,-0.102014218,-0.2
2014-12,1200.44,2058.899902,236.252,0.03,90.262,59.29,-0.6,0.02042395,-0.004188588,-0.731,0.01,0.020013335,-0.217706821,-0.1
2015-01,1249.333,1994.98999,234.718,0.03,91.829,47.22,-0.5,0.040729233,-0.031040806,-1.534,0.00,0.017360573,-0.203575645,0.1
2015-02,1231.1,2104.5,235.236,0.02,92.965,50.58,0.4,-0.014594187,0.054892511,0.518,-0.01,0.01237082,0.07115629,0.9
2015-03,1180.636,2067.889893,236.005,0.03,94.62,47.82,0.6,-0.040990984,-0.017396107,0.769,0.01,0.017802399,-0.054567023,0.2
2015-04,1198.253,2085.51001,236.156,0.02,93.677,54.45,0.2,0.014921619,0.00852082,0.151,-0.01,-0.009966181,0.138644918,-0.4
2015-05,1197.684,2107.389893,236.974,0.02,93.033,59.27,0.5,-0.000474858,0.010491382,0.818,0.00,-0.006874686,0.088521579,0.3
2015-06,1182.248,2063.110107,237.684,0.02,93.782,59.82,0.4,-0.012888208,-0.021011672,0.710,0.00,0.008050907,0.009279568,-0.1
2015-07,1131.58,2103.840088,238.053,0.03,95.347,50.90,0,-0.042857336,0.01974203,0.369,0.01,0.016687637,-0.149114009,-0.4
2015-08,1117.525,1972.180054,238.028,0.07,96.966,42.87,-0.1,-0.012420686,-0.062580818,-0.025,0.04,0.016980083,-0.157760314,-0.1
2015-09,1124.905,1920.030029,237.506,0.02,97.488,45.48,-0.2,0.006603879,-0.026442832,-0.522,-0.05,0.00538333,0.060881735,-0.1
2015-10,1157.123,2079.360107,237.781,0.02,96.574,46.22,0,0.028640641,0.082983118,0.275,0.00,-0.009375513,0.016270888,0.2
2015-11,1088.388,2080.409912,238.016,0.12,98.052,42.44,-0.2,-0.059401637,0.000504869,0.235,0.10,0.015304326,-0.081782778,-0.2
2015-12,1068.317,2043.939941,237.817,0.23,98.846,37.19,-0.3,-0.018441034,-0.017530185,-0.199,0.11,0.008097744,-0.123704053,-0.1
2016-01,1095.655,1940.23999,237.833,0.26,101.077,31.68,0.2,0.025589783,-0.050735322,0.016,0.03,0.022570463,-0.148158107,0.5
2016-02,1194.893,1932.22998,237.469,0.31,99.728,30.32,0.1,0.090574131,-0.00412836,-0.364,0.05,-0.013346261,-0.042929293,-0.1
2016-03,1246.312,2059.73999,238.038,0.29,97.693,37.55,0.4,0.043032305,0.065991115,0.569,-0.02,-0.020405503,0.238456464,0.3
2016-04,1241.452,2065.300049,238.827,0.23,96.341,40.75,0.5,-0.003899505,0.002699398,0.789,-0.06,-0.013839272,0.085219707,0.1
2016-05,1259.755,2096.949951,239.464,0.27,97.419,46.71,0.4,0.01474322,0.015324602,0.637,0.04,0.011189421,0.146257669,-0.1
2016-06,1273.58,2098.860107,240.167,0.27,97.802,48.76,0.3,0.010974356,0.000910921,0.703,0.00,0.003931471,0.043887818,-0.1
2016-07,1337.429,2173.600098,240.150,0.30,98.294,44.65,-0.2,0.050133482,0.035609801,-0.017,0.03,0.005030572,-0.084290402,-0.5
2016-08,1340.861,2170.949951,240.602,0.30,97.514,44.72,0.1,0.002566118,-0.001219243,0.452,0.00,-0.007935378,0.001567749,0.3
2016-09,1326.618,2168.27002,241.051,0.29,98.26,45.18,0.2,-0.010622279,-0.001234451,0.449,-0.01,0.007650184,0.010286225,0.1
2016-10,1268.929,2126.149902,241.691,0.33,99.18,49.78,0.1,-0.043485766,-0.019425679,0.640,0.04,0.009362915,0.101814962,-0.1
2016-11,1240.293,2198.810059,242.029,0.45,101.556,45.66,-0.2,-0.022567062,0.034174522,0.338,0.12,0.023956443,-0.082764162,-0.3
2016-12,1152.165,2238.830078,242.772,0.51,103.252,51.97,0,-0.071054178,0.018200762,0.743,0.06,0.016700146,0.138195357,0.2
2017-01,1192.648,2278.870117,243.780,0.51,103.132,52.50,0.6,0.03513646,0.017884358,1.008,0.00,-0.001162205,0.010198191,0.6
2017-02,1233.39,2363.639893,243.961,0.52,101.75,53.47,0.3,0.034160959,0.03719816,0.181,0.01,-0.013400303,0.01847619,-0.3
2017-03,1231.063,2362.719971,243.749,0.74,100.981,49.33,0.1,-0.00188667,-0.000389197,-0.212,0.22,-0.00755774,-0.077426594,-0.2
2017-04,1267.15,2384.199951,244.051,0.80,100.239,51.06,0.3,0.029313691,0.009091209,0.302,0.06,-0.007347917,0.035069937,0.2
2017-05,1245.25,2411.800049,243.962,0.89,99.662,48.48,0.1,-0.017282879,0.011576251,-0.089,0.09,-0.005756243,-0.05052879,-0.2
2017-06,1261.277,2423.409912,244.182,0.98,98.299,45.18,0.1,0.012870508,0.004813775,0.220,0.09,-0.013676226,-0.068069307,0
2017-07,1235.1,2470.300049,244.390,1.07,96.875,46.63,-0.1,-0.020754362,0.019348826,0.208,0.09,-0.014486414,0.032093847,-0.2
2017-08,1281.72,2471.649902,245.297,1.01,95.889,48.04,0.3,0.037745932,0.000546433,0.907,-0.06,-0.010178065,0.030238044,0.4
2017-09,1317.045,2519.360107,246.418,1.03,95.25,49.82,0.5,0.027560622,0.019302979,1.121,0.02,-0.006663955,0.037052456,0.2
2017-10,1280.677,2575.26001,246.587,1.07,96.665,51.58,-0.1,-0.027613331,0.022188135,0.169,0.04,0.014855643,0.035327178,-0.6
2017-11,1283.189,2584.840088,247.332,1.23,96.806,56.64,0,0.001961463,0.003720043,0.745,0.16,0.001458646,0.098100039,0.1
2017-12,1265.674,2673.610107,247.901,1.32,96.467,57.88,-0.1,-0.013649587,0.034342557,0.569,0.09,-0.003501849,0.021892655,-0.1
2018-01,1332.809,2823.810059,248.884,1.41,94.326,63.70,0.5,0.053042885,0.056178704,0.983,0.09,-0.022194118,0.100552868,0.6
2018-02,1333.775,2713.830078,249.369,1.57,94.727,62.23,0.5,0.000724785,-0.038947372,0.485,0.16,0.004251214,-0.023076923,0
2018-03,1325.562,2640.870117,249.498,1.70,95.009,62.73,0.2,-0.00615771,-0.026884499,0.129,0.13,0.002976976,0.00803471,-0.3
2018-04,1335.332,2648.050049,249.956,1.76,94.994,66.25,0.4,0.007370459,0.002718775,0.458,0.06,-0.00015788,0.056113502,0.2
2018-05,1303.618,2705.27002,250.646,1.86,97.523,69.98,0.4,-0.023749899,0.021608342,0.690,0.10,0.026622734,0.056301887,0
2018-06,1282.126,2718.370117,251.134,1.90,99.017,67.87,0.2,-0.016486425,0.004842436,0.488,0.04,0.015319463,-0.030151472,-0.2
2018-07,1238.064,2816.290039,251.597,1.96,99.337,70.98,0,-0.034366357,0.036021556,0.463,0.06,0.003231768,0.045822897,-0.2
2018-08,1201.859,2901.52002,251.879,2.03,100.283,68.06,0.1,-0.029243238,0.030263211,0.282,0.07,0.009523138,-0.041138349,0.1
2018-09,1199.198,2913.97998,252.010,2.13,100.262,70.23,0.1,-0.00221407,0.004294287,0.131,0.10,-0.000209407,0.031883632,0
2018-10,1214.726,2711.73999,252.794,2.25,100.907,70.75,0.2,0.012948654,-0.069403356,0.784,0.12,0.006433145,0.007404243,0.1
2018-11,1221.275,2760.169922,252.760,2.33,101.975,56.96,-0.3,0.005391339,0.017859357,-0.034,0.08,0.010584003,-0.194911661,-0.5
2018-12,1249.887,2506.850098,252.723,2.37,102.001,49.52,-0.3,0.023427975,-0.091776895,-0.037,0.04,0.000254964,-0.130617978,0
2019-01,1291.63,2704.100098,252.673,2.37,100.413,51.38,0.2,0.033397419,0.078684402,-0.050,0.00,-0.015568475,0.037560582,0.5
2019-02,1319.755,2784.48999,253.113,2.39,100.41,54.95,0.4,0.021774812,0.029728889,0.440,0.02,-2.98766E-05,0.069482289,0.2
2019-03,1302.286,2834.399902,254.148,2.40,100.777,58.15,0.6,-0.013236548,0.017924256,1.035,0.01,0.003655014,0.058234759,0.2
2019-04,1287.65,2945.830078,254.958,2.38,100.741,63.86,0.5,-0.011238699,0.039313498,0.810,-0.02,-0.000357224,0.098194325,-0.1
2019-05,1282.46,2752.060059,255.155,2.35,101.6,60.83,0.2,-0.004030598,-0.065777731,0.197,-0.03,0.008526816,-0.047447541,-0.3
2019-06,1358.488,2941.76001,255.305,2.17,101.13,54.66,0,0.059282941,0.068930164,0.150,-0.18,-0.004625984,-0.101430215,-0.2
2019-07,1414.611,2980.379883,256.161,2.10,100.917,57.35,0.2,0.041312842,0.013128152,0.856,-0.07,-0.0021062,0.049213319,0.2
2019-08,1497.102,2926.459961,256.300,1.95,102.811,54.81,0,0.058313558,-0.018091627,0.139,-0.15,0.018767898,-0.044289451,-0.2
2019-09,1510.336,2976.73999,256.358,1.89,102.776,56.95,0.1,0.008839745,0.017181178,0.058,-0.06,-0.00034043,0.03904397,0.1
2019-10,1494.765,3037.560059,257.271,1.65,102.228,53.96,0.2,-0.010309626,0.020431771,0.913,-0.24,-0.005331984,-0.052502195,0.1